{"cameraMode":{"drawMode":0,"name":"Shaded","section":"Shading Mode"},"sceneLighting":false,"audioPlay":false,"sceneViewState":{"m_AlwaysRefresh":false,"showFog":true,"showSkybox":true,"showFlares":true,"showImageEffects":true,"showParticleSystems":true,"showVisualEffectGraphs":true,"m_FxEnabled":true},"in2DMode":false,"pivot":{"x":536.6864013671875,"y":-393.94622802734377,"z":1464.1085205078125},"rotation":{"x":0.33396852016448977,"y":-0.24079719185829163,"z":0.08867041021585465,"w":0.9069938659667969},"size":835.4834594726563,"orthographic":false}