{"cameraMode":{"drawMode":0,"name":"Shaded","section":"Shading Mode"},"sceneLighting":false,"audioPlay":false,"sceneViewState":{"m_AlwaysRefresh":false,"showFog":true,"showSkybox":true,"showFlares":true,"showImageEffects":true,"showParticleSystems":true,"showVisualEffectGraphs":true,"m_FxEnabled":true},"in2DMode":false,"pivot":{"x":1288.52392578125,"y":900.6172485351563,"z":6.046666145324707},"rotation":{"x":0.13294702768325807,"y":0.048150718212127689,"z":-0.006465910002589226,"w":0.9899333715438843},"size":502.40142822265627,"orthographic":false}