{"cameraMode":{"drawMode":0,"name":"Shaded","section":"Shading Mode"},"sceneLighting":false,"audioPlay":false,"sceneViewState":{"m_AlwaysRefresh":false,"showFog":true,"showSkybox":false,"showFlares":true,"showImageEffects":true,"showParticleSystems":true,"showVisualEffectGraphs":true,"m_FxEnabled":true},"in2DMode":false,"pivot":{"x":0.0605473518371582,"y":0.8138229846954346,"z":0.19994786381721497},"rotation":{"x":0.11949093639850617,"y":-0.5958459973335266,"z":0.09023693203926087,"w":0.789026141166687},"size":1.7240432500839234,"orthographic":false}