{"cameraMode":{"drawMode":0,"name":"Shaded","section":"Shading Mode"},"sceneLighting":false,"audioPlay":false,"sceneViewState":{"m_AlwaysRefresh":false,"showFog":true,"showSkybox":false,"showFlares":true,"showImageEffects":true,"showParticleSystems":true,"showVisualEffectGraphs":true,"m_FxEnabled":true},"in2DMode":false,"pivot":{"x":80.65718078613281,"y":1.5914925336837769,"z":16.314218521118165},"rotation":{"x":0.017739910632371904,"y":-0.24523045122623444,"z":0.004487175960093737,"w":0.9692978262901306},"size":0.409000039100647,"orthographic":false}